<?xml version="1.0" encoding="UTF-8"?>
<configuration status="INFO">
	<appenders>
		<Console name="Console" target="SYSTEM_OUT">
			<PatternLayout pattern="%d{HH:mm:ss.SSS} [%t] %-5level %logger{36} - %msg%n" />
		</Console>

		<File name="MyFile" fileName="logs/app.log" immediateFlush="true">
			<PatternLayout
				pattern="%d{yyyy-mm-dd HH:mm:ss.SSS} [%t] %-5level %logger{36} - %msg%n" />
		</File>
	</appenders>
	<loggers>
		<root level="info">
			<appender-ref ref="Console" level="info" />
			<appender-ref ref="MyFile" level="info" />
		</root>
	</loggers>
</configuration>